1UP CARTOONS|By 1up Cartoons|https://twitter.com/1upCartoons
CAJARITO|By Cajarito|https://twitter.com/ElCajarito
CLOVERCALYPSO|By CloverCalypso|https://www.instagram.com/clovercalypso/
FRAMMU|By Frammu|https://twitter.com/_Frammu
JAY_CLOUSER|By Jay_Clouser|https://www.instagram.com/jay_clouser/
KBUM5_|By Kbum5_|https://www.instagram.com/kbum5_/
MIRUYUYO|By Miru.yuyo|https://www.instagram.com/miru.yuyo/
NYACHOTING|By Nyachoting|https://www.instagram.com/nyachoting/
OG LOOK BY Rechi|By Rechi|https://twitter.com/RechiTv
sex|By Rechi|https://twitter.com/RechiTv
SHERFUFFLE|By Sherfuffle|https://twitter.com/sherfuffle
C3GA|By C3GA|https://twitter.com/SStupidcat
ben|By BenBanana7|https://twitter.com/BenBanana7
LOFICHICKENWING|By LofiChickenWing|https://twitter.com/lofichickenwing
dozen|By DozenRahyz|https://twitter.com/dozenrahyz
aristio|By AristioArt|https://twitter.com/AristioArt
nerdmax|By Nerdmax528|https://twitter.com/Nerdmax528
scented|By ScentedPocky|https://twitter.com/ScentedPocky
hannes|By Hannesf22|https://twitter.com/Hannesf22
inumata|By Inumata0823|https://twitter.com/inumata0823
tomakichann|By Tomakichann|https://twitter.com/tomakichann
sanify|By Sanify_|https://twitter.com/Sanify_
pphoenix650|By PPhoenix650|https://twitter.com/PPhoenix650
softmintfox|By Softmintfox|https://twitter.com/softmintfox
cuyo|By Cuyo_fnf|https://twitter.com/Cuyo_fnf
kelsy|By Kelsy_art|https://twitter.com/kelsy_art
ganbavaran|By Ganbavaran|https://twitter.com/ganbavaran
jretriox|By JRetrioX|https://twitter.com/JRetrioX
eyevee0809|By Vee|https://twitter.com/EYEVEE0809
aliza|By AlizaBunn|https://twitter.com/AlizaBunns
destriosz|By DestrioSZ_|https://twitter.com/DestrioSZ_
mochi|By LiterallyMochi|https://twitter.com/LiterallyMochi
mari|By Mari_chan1401|https://twitter.com/Mari_chan1401
hikari|By Hikari_kun|https://twitter.com/Hikari49709316
anvitar|By Anvitar2|https://twitter.com/Anvitar2
sugar|By SugarRatio|https://twitter.com/SugarRatio
taupe|By TaupeDude|https://twitter.com/TaupeDude
sens|By Sensational|https://twitter.com/sen_sensational
nataliofag|By Natu|https://twitter.com/nataliofag
novasaur|By Novasaur|https://twitter.com/NNovasaur
machi|By Mochimachi|https://twitter.com/Machicityartist
dice|By DiceGuy5|https://twitter.com/DiceGuy5